epoch,step,train/accuracy,train/loss
0,9,0.0107421875,4.534882068634033
0,19,0.0244140625,4.486930847167969
0,29,0.0283203125,4.395103454589844
0,39,0.0205078125,4.407118797302246
